country,country_iso3,UDel_precip_popweight,UDel_precip_popweight_2,UDel_temp_popweight,temp_sq,comp_growth_prec,comp_growth_temp,agri_top20,agri_b80,bottom50,mean_prec,mean_temp,mean_diff,mean_b50,mean_growth,mean_gdp,agri_emp,Model,b50_diff,gdp_rate,agri_diff,mean_b50_prec,sd_b50_prec,conf_min_b50_prec,conf_max_b50_prec,grate_b50,grate_b50_min,grate_b50_max,quadrant_mean_b50
AE,ARE,0.08286,0.0068657796,28.02,785.1204,-0.00779228327180203,0.0019057192695524,0,1,0.1073,0.130328,27.1455,4.702194984326023e-5,0.0889300003,-0.03508582394570107,99075.5841165,6.703849983215332,bcc_csm1_1,7.894737894736848e-4,-0.03450600354845855,-0.22463158557289525,0.0875880173435807,4.0023634325047914e-4,0.08756321043801854,0.08761282424914285,-0.015090328931656488,-0.015369277604528081,-0.014811380258784897,1
AL,ALB,1.66167,2.7611471889,13.81,190.7161,-0.00930935571810454,0.00698990992461845,0,1,0.2124,1.222902,13.627333333333333,1.0878661087866188e-5,0.20168666666666665,0.05900828739007311,6632.126394,45.45853322347006,bcc_csm1_1,1.368421052631589e-4,0.0416744456257109,-0.2582106339304052,0.20220073710624406,0.005910817423969756,0.20183438084673824,0.20256709336574988,0.0025488568385486116,7.323943744666138e-4,0.004365319302630609,1
AO,AGO,1.13486,1.2879072196,23.06,531.7636,0.00176505016900629,0.00310280624082759,0,1,0.1306306206,1.041238,22.1315,-2.3981580877742963e-5,0.121610406555,0.02550103878020313,4261.35951385,40.19595012664796,bcc_csm1_1,-4.026381210526318e-4,0.02907815502907315,0.4708422610634263,0.12175715083409022,0.004045503583151979,0.12150640792422962,0.12200789374395082,0.0012066753433955524,-8.551787113986794e-4,0.003268529398189784,2
AT,AUT,0.99888,0.9977612544,7.51,56.4001,-0.00639477824180323,0.00905875349982232,0,1,0.2291,0.942068,8.0945,-3.260188087774292e-5,0.23767,0.01624281464610248,36900.87185,6.136299991607666,bcc_csm1_1,-5.473684210526311e-4,0.01584227321822904,-0.11300001646342998,0.23931003263932632,0.0017355269385798367,0.2392024635652231,0.23941760171342955,0.006900461309068573,0.0064478628569996305,0.0073530597611375145,1
BA,BIH,1.56883,2.4612275689,9.92,98.4064,-0.00720122261208244,0.00711012741462724,0,1,0.2032,1.1222715,9.646,-1.6394984326018812e-4,0.219425,0.10998753941385075,6420.156262058824,18.69460020065307,bcc_csm1_1,-0.00275263157894736,0.10351768310726814,-0.08210523504960003,0.22065965252188668,0.003138044512082343,0.2204651545079661,0.22085415053580726,0.005626763230655921,0.00474036462557184,0.0065131618357400015,1
BE,BEL,0.79512,0.6322158144,9.27,85.9329,0.00162615346855177,0.00364421344894982,0,1,0.2088,0.794744,10.4285,-3.4482758620689336e-6,0.209675,0.01334360665059648,35902.9420055,2.1653499782085426,bcc_csm1_1,-5.789473684210473e-5,0.01328543711744058,-0.08257894766958157,0.207977182693284,0.0019055519591277181,0.20785907535922746,0.20809529002734053,-0.008097375970983684,-0.008660663602110612,-0.007534088339856757,1
BF,BFA,0.95356,0.9092766736,28.56,815.6736,-0.00201519942902717,0.00156908430585978,1,0,0.1487465444,0.8280125,28.154,1.2235302946708468e-4,0.12166844771,0.0264634409242717,1104.221238605,75.18559970855713,bcc_csm1_1,0.00205424296842105,0.02469575164197545,-2.143473574989722,0.12056010744272729,0.002082987533879683,0.12043100253780926,0.1206892123476453,-0.009109512680842907,-0.010170633352208299,-0.008048392009477514,1
BG,BGR,0.79663,0.6346193569,10.66,113.6356,-0.00201649307767015,0.00629452475748371,0,1,0.2094,0.618085,10.261,-1.6206896551724135e-4,0.20862,0.02216548037249593,10774.76974885,12.570300126075743,bcc_csm1_1,-0.00272105263157894,0.02745471174210316,-0.6698420926144232,0.20941602279782004,4.5456049619948754e-4,0.20938784884637443,0.20944419674926565,0.0038156590826384797,0.003680609943315264,0.0039507082219616945,1
BH,BHR,NA,NA,NA,NA,-0.00124623159752068,3.993759088465332e-4,0,1,0.1136,NA,NA,-6.614420062695919e-5,0.1340950005,0.00679696798761142,43007.118485,1.6631000041961683,bcc_csm1_1,-0.00111052631578947,0.00298741049880727,-0.0710526328337821,NA,NA,NA,NA,NA,NA,NA,0
BI,BDI,1.03837,1.0782122569,21.9,479.61,0.01106135922822315,0.00239350225941215,1,0,0.1610095455,1.078001,20.6645,-4.649699184952981e-5,0.15886273712,-0.01852419620263389,786.714841615,91.96739997863772,bcc_csm1_1,-7.806600210526322e-4,-0.02073148439210503,0.02463129947060033,0.15479869145239472,0.014732231177004,0.1538855783038994,0.15571180460089004,-0.02558212039702827,-0.03132993240788128,-0.019834308386175264,1
BJ,BEN,1.29093,1.6665002649,28.02,785.1204,0.00213853049442969,0.00138180441981305,0,1,0.1314665335,1.1111425,27.3845,-5.8767552351097174e-5,0.14646401296,0.00916305407881736,1512.29597295,45.086749839782726,bcc_csm1_1,-9.866762736842104e-4,0.00934062541660757,-0.20505262676037905,0.1465822090406584,0.003968782397568967,0.14633622135914592,0.1468281967221709,8.069974205246675e-4,-8.725119452310609e-4,0.002486506786280396,2
BR,BRA,1.60586,2.5787863396,22.77,518.4729,-0.00369417429343144,0.00207934872350579,0,1,0.13850001,1.568766,22.531,7.672955974842777e-5,0.130160003,0.02429043903248383,12227.820883,18.81659984588622,bcc_csm1_1,6.421052631578956e-4,0.01283465261935063,-0.1969473989386317,0.12925570111506682,0.004144576748221224,0.12899881758681644,0.1295125846433172,-0.006947617271744981,-0.008921215322832713,-0.004974019220657248,1
BW,BWA,0.46437,0.2156394969,21.49,461.8201,0.0040870779372566,0.00185612865740814,0,1,0.0685407323,0.421954,21.1585,-6.417541379310314e-6,0.06047161605499999,0.02501528737775515,10478.07547285,20.238349914550785,bcc_csm1_1,-1.0774714210526264e-4,0.02406763128321876,0.43778941505833674,0.05990431990947117,0.0029913801972087915,0.05971891224396538,0.06008972757497696,-0.009381197039828641,-0.012447224998088535,-0.0063151690815687455,1
CF,CAF,1.45553,2.1185675809,25.71,661.0041,0.00399832162650048,0.00166738281535794,1,0,0.0803391045,1.375694,25.184,7.207231692789968e-5,0.090891845445,0.00723657822236419,737.451351265,70.2860996246338,bcc_csm1_1,0.00121005626842105,0.00910174352353197,0.05447347540604216,0.08820702385563269,0.008146217746452885,0.08770211604870097,0.0887119316625644,-0.029538640966333272,-0.035093680634190404,-0.023983601298476136,1
CG,COG,1.2973,1.68298729,25.77,664.0929,0.0032132014885069,0.00162957683290421,0,1,0.1058708327,1.413229,25.157,-1.6705717868338572e-5,0.11040058854,0.00249621889670379,4887.05367605,39.91605033874512,bcc_csm1_1,-2.8048021052631605e-4,0.00277079488548808,-0.01805255287572106,0.11084319088136929,0.007067728952805225,0.1104051285024079,0.11128125326033068,0.0040090578068696795,4.11226286738165e-5,0.007976992985065542,1
CH,CHE,1.14448,1.3098344704,6.84,46.7856,-0.00914733416091784,0.01080380082988297,0,1,0.2297,1.268917,7.6375,-5.548589341692797e-5,0.24155,0.0063014581988682,46529.908321,4.194250011444092,bcc_csm1_1,-9.315789473684222e-4,0.00777500573415333,-0.04352631066974843,0.24243139003576747,0.003295932905818851,0.24222710599781677,0.24263567407371817,0.003648892716901188,0.0028031711770514795,0.0044946142567508975,1
CM,CMR,1.86183,3.4664109489,25.2,635.04,0.00515279570539561,0.00156305049553151,0,1,0.1220494251,1.6934665,24.4715,-7.809722570532919e-6,0.127764890265,-0.00353960113134235,2322.6847075,63.98735027313233,bcc_csm1_1,-1.311211315789474e-4,-1.354948264078565e-4,-0.6367368196186263,0.12997548249580143,0.0130937200399744,0.1291639253197316,0.13078703967187127,0.01730203208578199,0.010950074404868438,0.02365398976669554,1
CN,CHN,1.07653,1.1589168409,14.22,202.2084,0.00832606596861507,0.00481992330488401,0,1,0.1427,1.009485,14.3625,-2.191222257053291e-4,0.175135,0.08908350048586726,4379.58220575,48.50149955749512,bcc_csm1_1,-0.00367894684210526,0.0925075089828577,-1.2105263157894737,0.1779889162265321,0.009268333389982722,0.17741445897145985,0.17856337348160434,0.016295521891866747,0.013015439355125138,0.019575604428608354,1
CV,CPV,0.776,0.602176,22.19,492.3961,-0.00402195017000317,0.00160960780114205,0,1,0.1128867415,0.74827,21.2305,6.359590752351099e-5,0.0991929527,0.06583400664385407,3722.38017405,17.966599988937386,bcc_csm1_1,0.00106774181578947,0.06970146818807503,-0.44763153477718953,0.10367711609689169,0.0029064846013146925,0.10349697031493421,0.10385726187884917,0.04520647157720596,0.04339035685278283,0.047022586301629095,1
CY,CYP,0.36502,0.1332396004,19.96,398.4016,-0.00439462521818168,8.080384932389606e-4,0,1,0.212,0.4264405,19.0695,3.6990595611285285e-5,0.206445,0.01656634999089874,28371.605594,7.048200011253355,bcc_csm1_1,6.210526315789476e-4,0.01841288616043319,-0.4648420936182921,0.20970047342498488,0.0012321891306527673,0.20962410155142996,0.2097768452985398,0.015769204509602508,0.015399266397490735,0.01613914262171428,1
CZ,CZE,0.85025,0.7229250625,7.13,50.8369,0.00167600551959656,0.00520465360037958,0,1,0.2733,0.638949,7.9615,-1.658307210031348e-4,0.283835,0.01858065198903204,20864.0182555,5.236450028419495,bcc_csm1_1,-0.00278421052631578,0.02592483304777459,-0.25542104871649474,0.2811271517333999,0.002075398530832666,0.28099851719976393,0.2812557862670359,-0.00954021972836362,-0.009993421530946053,-0.009087017925781185,1
DE,DEU,0.82032,0.6729249024,7.96,63.3616,0.00348566128023919,0.00407690651524306,0,1,0.1952,0.757412,9.128,-1.0219435736677114e-4,0.21921,0.01291920166695489,35542.15088,2.6141499936580663,bcc_csm1_1,-0.00171578947368421,0.01136049434601432,-0.08705264016201632,0.2164137274082465,0.003682918992289439,0.21618545772415737,0.21664199709233561,-0.012756136087557575,-0.013797464877709128,-0.011714807297406022,1
DJ,DJI,0.23796,0.0566249616,28.43,808.2649,0.00889668086036343,-1.529175340535538e-4,0,1,0.1277891262,0.232568,28.257,-5.0622673667711646e-5,0.14030431646,-0.00673563473392278,2332.65977165,55.62930030822754,bcc_csm1_1,-8.499280473684218e-4,-0.00280495528957045,-0.17336835359272093,0.14145907399425808,0.004171565431504452,0.14120051769008732,0.14171763029842885,0.008230377820110072,0.0063875528044985384,0.010073202835721606,1
DK,DNK,0.67092,0.4501336464,6.64,44.0896,0.00448966084046875,0.00365197637468162,0,1,0.2471,0.529814,8.1655,-5.956112852664582e-5,0.26114,0.01196064997348003,39357.7085655,3.6713500380516058,bcc_csm1_1,-0.001,0.01204672325954401,-0.1480526422199447,0.25747943655204236,0.0022631268183102007,0.25733916649860084,0.2576197066054839,-0.014017628275858241,-0.014554773307035107,-0.013480483244681376,1
DZ,DZA,0.50663,0.2566739569,17.78,316.1284,-0.00201081326100094,0.0020099073420543,0,1,0.2045066139,0.4651405,17.3155,1.598096595611285e-4,0.179896937965,0.01057261505629867,10607.19578025,20.15175018310547,bcc_csm1_1,0.00268312007368421,0.01306009151461844,-0.6192631972463475,0.179360665257903,2.0263221790254945e-4,0.1793481059829193,0.1793732245328867,-0.002980999638811703,-0.003050813361745338,-0.0029111859158780684,1
EE,EST,0.70671,0.4994390241,4.62,21.3444,0.00259573488253228,0.00502704447427748,0,1,0.1793,0.6517975,5.65,2.288401253918495e-5,0.157865,0.04774391334093014,16448.262380666667,8.637950015068057,bcc_csm1_1,3.842105263157895e-4,0.0450790394459525,-0.7912105259142426,0.1551360695297848,0.002184033342949204,0.15500070174073516,0.15527143731883442,-0.017286481932126934,-0.01814397275687991,-0.016428991107373957,1
EG,EGY,0.01105,1.221025e-4,23.31,543.3561,0.00327483679689399,0.00254038244293752,0,1,0.18970001,0.039373,21.709,6.6144263322884e-5,0.173484994,0.02835983640979976,7897.86448625,31.769799804687494,bcc_csm1_1,0.00111052736842105,0.03026050181908143,-0.5452632904052737,0.17324455363421315,7.26635045159836e-5,0.17324004990354316,0.17324905736488314,-0.0013859433040465372,-0.0014119036511990163,-0.001359982956894058,1
ER,ERI,0.40321,0.1625783041,24.07,579.3649,0.00171213940566805,0.0019118050575464,1,0,0.1780457161,0.4716,23.21388888888889,1.6236565261324042e-4,0.1737970541222222,0.00227063617462086,1369.4837481666666,64.13933351304796,bcc_csm1_1,0.00245257591052631,-0.00429240944397714,-0.07236842105263158,0.17624611129241452,0.004676368130505895,0.175956266992806,0.17653595559202304,0.014091476881248044,0.012423759893337051,0.015759193869159034,1
ES,ESP,0.78056,0.6092739136,14.39,207.0721,-0.00849572580730329,0.00480416690884655,0,1,0.2132,0.6320775,14.818,4.200626959247647e-5,0.20673,0.01486444063484668,29187.4910385,6.833449959754944,bcc_csm1_1,7.052631578947366e-4,0.01444346437931973,-0.2979999843396642,0.2093985351387139,0.0013917309971915144,0.2093122747578228,0.209484795519605,0.012908311027494321,0.012491049958026412,0.013325572096962232,1
ET,ETH,1.14506,1.3111624036,19.81,392.4361,0.00325064132208008,0.00218606764088669,1,0,0.1780457161,1.1204295,19.5935,1.2067973354231976e-4,0.17016968406,0.02525244247517548,681.00829271,77.07929992675783,bcc_csm1_1,0.00202614921052631,0.03231016111722494,-0.2196313958419004,0.1700923537520397,0.005990109360534794,0.16972108292738913,0.1704636245766903,-4.544305784396761e-4,-0.002636198892234458,0.0017273377353551056,2
FI,FIN,0.52953,0.2804020209,2.91,8.4681,0.00426881032949366,0.00870779618590633,0,1,0.2272,0.5946775,3.9555,-9.27899686520375e-5,0.248085,0.01513515637489034,32362.8007945,6.397799944877626,bcc_csm1_1,-0.0015578947368421,0.01947576129838358,-0.2343157718056126,0.24424123358237065,0.003002002277753475,0.24405516755349185,0.24442729961124945,-0.0154937477785007,-0.016243756964379737,-0.014743738592621665,1
FR,FRA,0.76331,0.5826421561,10.44,108.9936,-0.00158352337589062,0.00464834350795451,0,1,0.2228,0.750522,11.316,1.7868338557993762e-5,0.21687,0.0099207354534883,33314.3000925,4.212099981307984,bcc_csm1_1,3.0000000000000057e-4,0.01003174076453608,-0.12752630836085266,0.2157687833465455,9.661325874609919e-4,0.21570890182838298,0.21582866486470803,-0.005077773105798409,-0.005353890218181516,-0.004801655993415302,1
GA,GAB,2.33207,5.4385504849,25.93,672.3649,0.00103296470282177,0.00183059694229159,0,1,0.1421684637,1.8651125,25.373,2.561003228840124e-5,0.135224303415,-0.00676034453790636,18033.673579,42.241150093078616,bcc_csm1_1,4.2997896315789455e-4,-0.00882167554647999,-0.21026310167814743,0.138008208784711,0.010048567152318291,0.13738539214003045,0.13863102542939157,0.02058731529322269,0.015981511240609838,0.025193119345835548,1
GB,GBR,0.6816,0.46457856,8.6,73.96,-0.0021733869210353,0.00463004144635581,0,1,0.2063,0.7869965,9.6835,7.523510971786875e-6,0.1987,0.01857217215001582,30915.550723,1.5872999787330615,bcc_csm1_1,1.263157894736849e-4,0.02039711464799154,-0.04563157809408106,0.1992697180926145,4.5053503407660304e-4,0.1992417936418962,0.19929764254333282,0.002867227441441993,0.0027266917055672646,0.0030077631773167213,1
GH,GHA,1.30754,1.7096608516,27.63,763.4169,0.00147821261061964,0.00142149713401429,0,1,0.1326844431,1.2462235,26.9595,-5.8780555799373095e-5,0.139870068565,0.02413012757897377,2341.60720675,54.92609996795655,bcc_csm1_1,-9.86894594736843e-4,0.02416122845270914,-0.3692104941920212,0.140166619927269,0.005117114186419888,0.1398494579040946,0.14048378195044342,0.0021201917273043027,-1.4735576465267722e-4,0.004387739219261283,2
GN,GIN,2.36101,5.5743682201,25.96,673.9216,-0.00253437950046753,0.00219965558333701,1,0,0.1635394095,1.953206,25.5085,1.712225539184953e-4,0.13177441281,0.00249091696459799,1141.68754495,70.02735023498536,bcc_csm1_1,0.00287473656315789,0.0040866149375936,-0.07800011885793735,0.1301532981475972,0.0029194408266581024,0.12997234933047325,0.13033424696472118,-0.012302196062449512,-0.013675367175606877,-0.010929024949292146,1
GQ,GNQ,2.35358,5.5393388164,26.13,682.7769,0.00197723965392349,0.00209730927922979,0,1,0.1231862874,1.9922215,24.776,-2.644799059561126e-6,0.123260745565,0.17453764220699663,17917.0838854,48.48860015869141,bcc_csm1_1,-4.440478421052627e-5,0.1860047480180266,-0.5103157445004104,0.12611818210527903,0.006476686717195127,0.1257167529036122,0.12651961130694586,0.023182048162869513,0.019925300040612357,0.02643879628512667,1
GR,GRC,0.68468,0.4687867024,16.11,259.5321,-0.00557547712459127,0.00508043509804401,0,1,0.1924,0.6486625,15.139,8.150470219435708e-6,0.17536,0.01697572187986224,25359.7121655,16.358100032806405,bcc_csm1_1,1.3684210526315743e-4,0.01677490159642113,-0.4786315717195211,0.17793691792998492,0.0014996956497723211,0.17784396583059853,0.17802987002937132,0.01469501556788854,0.014164951132519041,0.01522508000325804,1
GW,GNB,1.89404,3.5873875216,27.71,767.8441,-0.00638014048916912,0.00189000336877209,1,0,0.1016783716,1.55856,27.1935,7.89948937304075e-5,0.13335568123,-0.00930526640731842,1357.3942517,69.36574974060059,bcc_csm1_1,0.00132628268947368,-0.01121963886537283,0.05421046206825807,0.13408034976641744,0.005267209607384828,0.13375388473266944,0.13440681480016545,0.005434103217302052,0.002986025784553277,0.007882180650050828,1
HR,HRV,1.32433,1.7538499489,11.45,131.1025,-0.00647077127753037,0.00486198423755968,0,1,0.1932,0.9445275,11.888,-6.269592476488337e-7,0.19118,0.03090067456165948,17154.73746625,17.010700130462645,bcc_csm1_1,-1.0526315789472526e-5,0.02896938236684032,-0.3359473379034736,0.19345169503743714,0.0024287935673524066,0.19330115685250884,0.19360223322236544,0.011882493134413405,0.011095077165544797,0.012669909103282013,1
HU,HUN,0.89763,0.8057396169,10.16,103.2256,0.00205532667785912,0.00377303556943098,0,1,0.2325,0.58319,10.5665,-2.266457680250784e-4,0.26875,0.01283216185402124,18498.444431,6.797850012779236,bcc_csm1_1,-0.00380526315789473,0.02016809806751309,-0.3599999829342484,0.26707596019815405,0.0010131404180671957,0.267013165104465,0.2671387552918431,-0.006228985309194192,-0.006462641471758139,-0.005995329146630244,1
IE,IRL,0.8615,0.74218225,7.79,60.6841,1.8987136300041563e-4,0.004697971614398,0,1,0.2247,0.9937995,9.107,1.8808777429467103e-5,0.21095,0.03489614478312433,36336.3898675,8.64465005397797,bcc_csm1_1,3.157894736842108e-4,0.03602945174703018,-0.4009473951239336,0.21048054275641676,9.983571372386049e-4,0.21041866393996636,0.21054242157286715,-0.002225443202575223,-0.0025187772459523017,-0.001932109159198145,1
IN,IND,1.27617,1.6286098689,26.2,686.44,-3.199339025546921e-4,0.00226385930474526,0,1,0.1601,1.1575645,25.717,-1.9435736677115987e-4,0.196355001,0.04698339826427401,2839.76626845,58.3832998275757,bcc_csm1_1,-0.00326315789473684,0.04994990680687411,-0.6311579252544209,0.19633902844479162,8.02929793364001e-4,0.19628926234060615,0.1963887945489771,-8.134529361124983e-5,-3.3479493294828126e-4,1.721043457257816e-4,2
IQ,IRQ,0.16903,0.0285711409,24.57,603.6849,-0.00693553410751912,8.949830587801078e-4,0,1,0.1517,0.2403845,22.628,0,0.1517,0.00597464186139409,11158.539182545455,24.021399879455565,bcc_csm1_1,0,0.00543149347553944,-0.23873680516293155,0.15319484583467607,7.906007139954164e-4,0.15314584389474684,0.1532438477746053,0.00985396067683634,0.009530941956142612,0.010176979397530069,1
IR,IRN,0.27533,0.0758066089,16.91,285.9481,-0.00184800868574031,0.00280286560468723,0,1,0.14390001,0.3055845,15.449,0,0.14390001,0.02965275513124652,11714.10219525,23.44485006332398,bcc_csm1_1,0,0.02599704356732274,-0.2699473531622632,0.14338754862464925,2.4449749790123124e-4,0.14337239451272787,0.14340270273657063,-0.0035612323817819217,-0.0036665423947650913,-0.0034559223687987517,1
IS,ISL,0.72457,0.5250016849,2.62,6.8644,-0.00288542743762099,0.00650171983716463,0,1,0.2641,0.9014005,1.8325,7.429467084639499e-5,0.24142,0.01226570290746167,34134.4759185,7.798400020599369,bcc_csm1_1,0.00124736842105263,0.01363909372415992,-0.2414210470099221,0.2408320523240775,8.05371094738524e-4,0.2407821349064652,0.24088196974168982,-0.002435372694567517,-0.0026421385698567074,-0.002228606819278327,1
IT,ITA,1.17992,1.3922112064,13.09,171.3481,-0.00789074951472279,0.0053248991937016,0,1,0.2211,0.951776,13.3805,-8.996865203761756e-5,0.22749,0.0075692841084674,33687.77137,5.383149981498717,bcc_csm1_1,-0.00151052631578947,0.00720056104695911,-0.22615789112291837,0.2307781786756315,0.0029198981208371664,0.23059720151512067,0.23095915583614232,0.01445416798818189,0.013658629017190524,0.015249706959173255,1
JO,JOR,0.24236,0.0587383696,19.79,391.6441,-0.00471305944567501,0.00334507100678105,0,1,0.1664,0.2547465,17.8425,3.605015673981186e-5,0.1688099985,0.02334122094225675,8468.86466815,4.127699983119964,bcc_csm1_1,6.052631578947359e-4,0.02950296548093184,-0.04284209954111211,0.16948305162831864,2.319066054267491e-4,0.16946867790799794,0.16949742534863935,0.0039870454019264754,0.0039018980738746724,0.004072192729978279,1
KE,KEN,1.14881,1.3197644161,20.66,426.8356,0.00377731555831184,0.00102608591678876,0,1,0.1278840703,1.230033,20.21,1.5953519341692794e-4,0.1161319977,0.00174596042779739,1895.35890385,52.509599494934086,bcc_csm1_1,0.00267851193157894,0.00283169859425318,0.6717894704718312,0.11316266666101252,0.009390291819909814,0.11258065034413908,0.11374468297788595,-0.025568586589357237,-0.030580265785447005,-0.020556907393267466,1
KM,COM,2.3133,5.35135689,25.13,631.5169,-0.0074108077594962,0.00225730002039292,0,1,0.1073079566,1.97566,25.3115,-2.728636426332289e-5,0.101958283075,-0.00959712866460904,1602.58492785,55.53820056915283,bcc_csm1_1,-4.581236947368422e-4,-0.00590086779933526,0.11452644749691576,0.1043011299179513,0.010973923524077164,0.10362095909114143,0.10498130074476118,0.022978484653649132,0.016307414817081287,0.029649554490216976,1
KW,KWT,0.04708,0.0022165264,27.76,770.6176,-0.00689139156009499,5.00174342010995e-4,0,1,0.050799999,0.13682,26.035,3.4482758620689557e-6,0.0520950004,-0.00584432145114989,89075.288860625,2.373100006580353,bcc_csm1_1,5.78947368421051e-5,-0.00547905190344999,0.01321053504943896,0.052870105090376436,2.319917358084785e-4,0.05285572609362001,0.05288448408713286,0.014878677117285044,0.014602662209020971,0.015154692025549117,1
LB,LBN,0.97064,0.9421420096,15.99,255.6801,-0.01464169132085246,0.00431792117596474,0,1,0.1064,1.0243935,14.182,-7.147335423197497e-5,0.124845,0.03716094178380446,12558.425693,14.854750013351437,bcc_csm1_1,-0.0012,0.0230427620448772,-0.17563162351909484,0.13108000544491172,0.005724168934824606,0.13072521777861745,0.13143479311120598,0.04994197160408283,0.04710014641048865,0.052783796797677,1
LR,LBR,3.10532,9.6430123024,26.41,697.4881,-0.00381887923543566,0.00202171905416603,0,1,0.1694943175,2.589569,26.0475,1.942965893416926e-5,0.1639160625,0.01574487276375289,425.504395445,49.644949913024895,bcc_csm1_1,3.2621374736842073e-4,0.02371997517356417,0.15152640091745814,0.16581005632395618,0.004654511712356438,0.16552156669917945,0.1660985459487329,0.011554656664328986,0.009794672801998635,0.013314640526659339,1
LS,LSO,0.69645,0.4850426025,12.15,147.6225,0.0068917248707776,0.00551817038585844,1,0,0.0842152114,0.6899095,11.603,4.1499273354231974e-5,0.07844851232,0.02668771424796432,1696.78057215,72.05735054016114,bcc_csm1_1,6.967509578947368e-4,0.02706736660318445,-0.2425264057360205,0.08063960099488814,0.007000920827827482,0.08020567942641299,0.08107352256336328,0.02793027694330838,0.02239898570982861,0.03346156817678815,1
LT,LTU,0.82902,0.6872741604,6.08,36.9664,0.00246023575768439,0.00535523846214158,0,1,0.1947,0.6617525,6.925,-1.2319749216300942e-4,0.200765,0.01383764642523601,14646.90397385,17.145149946212776,bcc_csm1_1,-0.00206842105263157,0.01773079178941154,-0.6628947007028658,0.19823811953034423,0.002205599967420711,0.19810141502806108,0.19837482403262738,-0.012586259904145483,-0.013267177904210968,-0.011905341904079998,1
LU,LUX,0.7352,0.54051904,8.5,72.25,6.45845437761583e-4,0.00397228310788544,0,1,0.2084,0.73668,9.482,-3.605015673981194e-5,0.21149,0.02306759118800983,77773.868386,2.335499972105026,bcc_csm1_1,-6.052631578947374e-4,0.02062318943413484,-0.11289472956406477,0.20972408155492894,0.0016091537062638325,0.20962434517491388,0.209823817934944,-0.008349890988089595,-0.008821480094028713,-0.007878301882150477,1
LV,LVA,0.81686,0.6672602596,5.61,31.4721,0.00263331612830963,0.00554129672232517,0,1,0.2008,0.6507580000000001,6.4895,-1.0658307210031348e-4,0.1867,0.01564123861026022,13625.24680015,14.848800039291389,bcc_csm1_1,-0.00178947368421052,0.02330072917489414,-0.48773685254548577,0.18402336441899816,0.002305089123971473,0.1838804935149061,0.18416623532309023,-0.014336559084101985,-0.01510180227688221,-0.013571315891321756,1
LY,LBY,0.12074,0.0145781476,21.79,474.8041,0.00436105940783471,0.00174874782977196,0,1,0.1751418311,0.18830636363636363,21.07181818181818,4.271163142857153e-5,0.17244751732727273,0.02643734136257659,25813.00261090909,8.966818115927955,bcc_csm1_1,3.933966052631588e-4,0.01424695006598114,-0.04463155646073153,0.17202567328859514,1.5204318802818903e-4,0.17201624955416825,0.17203509702302203,-0.002446216943077315,-0.002500863913778577,-0.0023915699723760534,1
MA,MAR,0.63292,0.4005877264,18.06,326.1636,-0.02190515183225561,0.00405909994796838,0,1,0.1429971845,0.41962699999999997,17.141,-4.371230721003136e-6,0.14274929345,0.02291905324673279,4897.55187675,44.75140018463135,bcc_csm1_1,-7.339066315789476e-5,0.021578380064593,-0.35631581356651054,0.14378184529316151,0.002302259369522214,0.1436391497790673,0.14392454080725572,0.007233323669816773,0.006233700409725535,0.008232946929908011,1
MD,MDA,0.6532,0.42667024,9.84,96.8256,1.6341393379049052e-4,0.00611457101521972,0,1,0.1993,0.485757,9.6685,-7.178683385579938e-5,0.188385,-0.02475546724162996,3144.98842715,41.3981001853943,bcc_csm1_1,-0.00120526315789473,-0.01673968275011698,-0.8160000851279788,0.18805253946853884,2.2754535949305957e-4,0.18803843606104165,0.18806664287603603,-0.0017647930114454947,-0.0018396578228539941,-0.001689928200036995,1
ME,MNE,NA,NA,NA,NA,-0.00978959496369391,0.00913487175480476,0,1,0.2112,NA,NA,-6.520376175548594e-5,0.221405,0.02487702760845422,11288.955829857145,9.181150007247924,bcc_csm1_1,-0.00109473684210526,0.01702112360618756,-0.26584211148714004,NA,NA,NA,NA,NA,NA,NA,0
MG,MDG,1.32112,1.7453580544,21.37,456.6769,-5.751851061718272e-4,0.00287820523113468,1,0,0.1339430722,1.536561,20.927,4.382914608150476e-5,0.133429168425,-0.00919944623019544,1430.3811477,77.95325088500977,bcc_csm1_1,7.35868294736843e-4,-0.00467066234041563,-0.23636868125514204,0.13411936979666533,0.0054223028812845145,0.13378329198220953,0.13445544761112113,0.005172792274826312,0.0026540190678666464,0.007691565481785977,1
MK,MKD,0.83662,0.6999330244,10.38,107.7444,-0.00348623668916014,0.00823740422872298,0,1,0.1838,0.6336195,9.959,-1.8620689655172415e-4,0.19285,0.00586524608079345,9261.4613376,22.77760019302367,bcc_csm1_1,-0.00312631578947368,0.00939778241992877,-0.37126310248124195,0.19267351781470118,7.994035765869629e-5,0.19266856306000066,0.1926784725694017,-9.151267062422072e-4,-9.408189784772383e-4,-8.89434434007176e-4,1
ML,MLI,0.92791,0.8610169681,29.02,842.1604,-0.00257515308878686,0.00174976404815407,1,0,0.1774869809,0.7348965,28.486,2.4376316959247649e-4,0.13454315509,0.02067418968072161,1340.8614566,68.53184967041015,bcc_csm1_1,0.00409265532105263,0.02200693610159138,-0.22715799432052108,0.13575641946329686,0.004162153408046577,0.13549844652238385,0.13601439240420987,0.009017659593944172,0.0071002603718102525,0.010935058816078093,1
MR,MRT,0.37374,0.1396815876,29.61,876.7521,-5.383730799413122e-4,0.00186515664357678,0,1,0.1691048,0.2491105,28.724,1.8442277241379311e-4,0.14505349809,0.0093320199754089,2337.341806,61.252250289916994,bcc_csm1_1,0.00309636128421052,0.01035749324289569,-0.2849474455180895,0.14561134221752614,0.0019009549751397388,0.1454935198074891,0.1457291646275632,0.003845781969215316,0.00303351331255772,0.004658050625872912,1
MT,MLT,NA,NA,NA,NA,-0.00665040596243493,0.00189992583777809,0,1,0.2269,NA,NA,-1.2278481012658246e-4,0.22874,0.01607835181057454,27424.66844,1.687599992752076,bcc_csm1_1,-5.105263157894744e-4,0.00326524979365466,-0.03663157789330736,NA,NA,NA,NA,NA,NA,NA,0
MU,MUS,1.4682,2.15561124,25.05,627.5025,0.00567022591449117,0.00261740778636232,0,1,0.1647546048,1.55832,24.2205,-5.169721003134687e-7,0.164898904655,0.03494339971803128,11265.48903535,11.639449930191043,bcc_csm1_1,-8.679689473684027e-6,0.03506650954200439,-0.3106842041015621,0.1653621552976483,7.473017193951113e-4,0.1653158370572084,0.1654084735380882,0.002809300908441465,0.0025284121994666284,0.003090189617416302,1
MW,MWI,1.00389,1.0077951321,23.33,544.2889,0.00237522586190674,0.0023230323862271,1,0,0.1193816364,1.022871,22.549,1.9576205297805644e-4,0.096104183425,0.0073699726275663,717.8286452899999,75.95225067138672,bcc_csm1_1,0.0032867418368421,0.00451190502711278,-0.22963192588404752,0.09634468900057161,0.0012636599569009839,0.09626636654499716,0.09642301145614605,0.0025025505342261977,0.0016875760681503472,0.003317525000302048,1
MZ,MOZ,0.93645,0.8769386025,24.92,621.0064,0.00195925360683957,0.00161463212842849,1,0,0.1094185577,0.9307305,24.5175,6.378515141065833e-5,0.104654903965,0.03559566885232924,605.8601719,81.49040031433105,bcc_csm1_1,0.00107091912105263,0.03619944284029861,-0.4658945987099103,0.10471137791947775,2.6035981798018233e-4,0.10469524065077207,0.10472751518818343,5.3962071855357e-4,3.8542566324035766e-4,6.938157738667824e-4,1
NE,NER,0.54043,0.2920645849,29.5,870.25,0.00126762753293241,0.00142821319506825,1,0,0.1779128746,0.4737935,28.7165,4.397282382445137e-5,0.142828569035,-0.00469955622684209,816.799164055,77.72910003662109,bcc_csm1_1,7.38280568421052e-4,-0.004577522246045,0.07873695775082162,0.14823033760547277,0.006350163594562765,0.14783675038819216,0.14862392482275338,0.03781994461590583,0.03506428291643054,0.04057560631538111,1
NG,NGA,1.31974,1.7417136676,27.74,769.5076,0.00189628058819346,0.00125413639991434,0,1,0.1304334979,1.3527285,26.998,1.9231535736677107e-5,0.13257836375,0.02616077822167426,3472.7116871,46.85360012054444,bcc_csm1_1,3.228873631578946e-4,0.02920511606576454,-0.4818946436831841,0.1337693772490218,0.005299487662117062,0.13344091160071447,0.13409784289732912,0.008983468081320221,0.006505947322905185,0.011460988839735255,1
NL,NLD,0.75859,0.5754587881,8.97,80.4609,0.00343987838735881,0.00343932117077439,0,1,0.241,0.78013,10.314,-4.6708463949843334e-5,0.24829,0.01696239419397897,37900.9872635,3.411349999904632,bcc_csm1_1,-7.842105263157908e-4,0.01700160577770666,-0.05694738187287997,0.24618415350099684,0.002522479148377233,0.24602780862359744,0.24634049837839625,-0.008481398763555385,-0.009111085329262445,-0.007851712197848325,1
NO,NOR,0.81211,0.6595226521,2.78,7.7284,-0.00219007108390079,0.01674173548221302,0,1,0.2617,0.989353,5.0415,-1.5015673981191223e-4,0.275485,0.01841588472016155,56609.856517,4.220650005340577,bcc_csm1_1,-0.00252105263157894,0.01802635005669307,-0.17047368852715736,0.27486996955466764,0.001376330129881885,0.2747846637294219,0.2749552753799134,-0.0022325369632914425,-0.00254219384205341,-0.0019228800845294749,1
OM,OMN,0.10893,0.0118657449,26.69,712.3561,-0.00624746418713884,0.00241420609872999,0,1,0.083899997,0.119167,26.198,-1.5673990595611294e-5,0.0880150001,0.02461602190742271,38084.4338845,7.631499981880188,bcc_csm1_1,-2.631580526315791e-4,0.02494295176654226,-0.2398421387923389,0.08560571970185284,7.299850659756336e-4,0.08556047475871156,0.08565096464499411,-0.027373520370502932,-0.027887579827298562,-0.026859460913707302,1
PL,POL,0.82625,0.6826890625,7.44,55.3536,0.00281136984625418,0.00480005996928167,0,1,0.2101,0.6379715,8.3065,-1.9843260188087764e-4,0.231495,0.03764636269770563,14451.21920285,19.335650014877316,bcc_csm1_1,-0.00333157894736841,0.04364275088926879,-0.6586316259283737,0.2287585920248283,0.00235292310581842,0.22861275633982528,0.2289044277098313,-0.011820592130161418,-0.012450565498929683,-0.011190618761393153,1
PT,PRT,1.20471,1.4513261841,15.33,235.0089,-0.01035753660787452,0.00372268223375304,0,1,0.1925,0.980151,15.281,-1.974921630094044e-5,0.18329,0.01517103586811573,23790.306273,12.19884991645812,bcc_csm1_1,-3.3157894736842103e-4,0.01359794698414265,-0.02747370067395783,0.18575807477332004,0.0031413427134799584,0.18556337233475895,0.18595277721188114,0.01346540876927292,0.012403144387358494,0.014527673151187347,1
QA,QAT,0.04319,0.0018653761,28.27,799.1929,-6.0109252914331e-4,7.784196125275589e-4,0,1,0.098399997,0.090396,27.119,3.134780564263334e-6,0.09037499985,0.01312835321296006,120531.58125454544,2.9280999898910514,bcc_csm1_1,5.263131578947387e-5,0.01193486667020335,-0.13268420570775055,0.08949780115753976,2.471161554447988e-4,0.0894824847395423,0.08951311757553722,-0.00970620961456342,-0.009875685885909244,-0.009536733343217595,1
RS,SRB,0.85799,0.7361468401,10.34,106.9156,-0.00221649636740361,0.00542589109931346,0,1,0.1558,0.6513655,10.129,-1.8652037617554855e-4,0.19741,-0.00946202063933012,9180.86242505,24.259950160980218,bcc_csm1_1,-0.00313157894736842,-0.00447489581568118,-0.21257892407868964,0.1970856226041502,3.380912065532e-4,0.19706466749406637,0.197106577714234,-0.0016431659786728735,-0.001749316174123054,-0.001537015783222693,1
RU,RUS,0.50393,0.2539454449,4.55,20.7025,0.00509739160032252,0.09126133613324176,0,1,0.1586,0.5463255,4.297,-4.1191219435736674e-4,0.15243000055,0.00581166092306377,15921.323626,12.176450085639958,bcc_csm1_1,-0.00691578894736842,0.00896089797359441,-0.3417894714757032,0.14839976865599205,0.002940731351511036,0.14821750023846622,0.1485820370735179,-0.026439886370570154,-0.02763563797372025,-0.02524413476742006,1
RW,RWA,1.18575,1.4060030625,21.86,477.8596,0.0116026565927334,0.00280597298301721,1,0,0.113810267,1.1264035,20.408,-1.4399471097178683e-4,0.119180168925,0.01960976802511143,906.627709805,85.12014923095704,bcc_csm1_1,-0.00241759541052631,0.02019375678887703,-0.5898417422646001,0.11708211132116426,0.01798036633111213,0.11596767667006208,0.11819654597226645,-0.017604083152089153,-0.026954922819076844,-0.008253243485101465,1
SA,SAU,0.09802,0.0096079204,27.19,739.2961,0.00142712426973101,0.00182989071980066,0,1,0.077600002,0.11559,26.1805,0,0.077600002,0.0135209172789473,38095.0027005,5.688999986648559,bcc_csm1_1,0,0.01135249319828726,-0.1858947402552553,0.07514491496782434,7.363042520794719e-4,0.07509927835747056,0.07519055157817812,-0.031637718671394616,-0.032225819305126344,-0.03104961803766289,1
SC,SYC,NA,NA,NA,NA,0.01230113710722924,0.00155490693970117,NA,NA,0.1302952054,NA,NA,-2.2665379310345148e-6,0.130729020805,0.01950856723706236,17783.355204,NA,bcc_csm1_1,-3.805397894736896e-5,0.01966679926350844,NA,NA,NA,NA,NA,NA,NA,NA,0
SD,SDN,0.43456,0.1888423936,29.33,860.2489,0.01338613310316327,0.00132501472872181,0,1,0.1663816331,0.4671495,28.259,0,0.1663816331,0.02907200098852628,2547.7346307,48.65054969787599,bcc_csm1_1,0,0.02833225495022873,-0.3728946886564582,0.1654772309023869,0.008937056345341325,0.16492330641126754,0.16603115539350624,-0.005435709343407803,-0.008764949962090915,-0.002106468724724689,1
SE,SWE,0.65301,0.4264220601,4.13,17.0569,0.00410569417856554,0.01240528657160355,0,1,0.2338,0.6062665,5.951,-1.5454545454545457e-4,0.26335,0.01643615416251123,34617.99327,2.836899971961976,bcc_csm1_1,-0.00259473684210526,0.01826658955957,-0.08094737404271157,0.25976694962559754,0.002746246637238908,0.25959673549554857,0.2599371637556465,-0.013605659291446479,-0.014252001156071403,-0.012959317426821557,1
SI,SVN,1.42631,2.0343602161,8.01,64.1601,-0.00904545961482272,0.00610445595291442,0,1,0.2317,1.1995525,8.5635,-1.9310344827586212e-4,0.24476,0.02101889830082655,22554.001601,10.10454998016357,bcc_csm1_1,-0.00324210526315789,0.02706452144004928,-0.10584213859156792,0.24797873493794298,0.0052030420197145604,0.24765624705248332,0.24830122282340264,0.01315057582097963,0.011833008058846682,0.014468143583112577,1
SK,SVK,1.01918,1.0387278724,8.03,64.4809,-8.187036454073704e-4,0.00656433738435513,0,1,0.2529,0.710479,8.4075,-1.200626959247649e-4,0.26138,0.02339390849811028,17069.501724499998,6.945949971675869,bcc_csm1_1,-0.00201578947368421,0.03295633015782665,-0.38415789604187,0.2611343806049221,1.7620559902635648e-4,0.2611234592687459,0.2611453019410983,-9.397023302390755e-4,-9.81485696128566e-4,-8.979189643495848e-4,1
SL,SLE,2.96847,8.8118141409,27.19,739.2961,-0.00225124481188521,0.00188306278868011,1,0,0.1694720651,2.3588675,26.6345,3.6712056457680254e-4,0.11928818142,5.964967189356405e-4,1128.276064625,67.56440010070803,bcc_csm1_1,0.00616376105789473,-4.5810217670936177e-4,0.00515827379728394,0.11676135807514315,0.0031461969885017327,0.11656635476549908,0.11695636138478722,-0.02118251208776663,-0.022817236561916247,-0.019547787613617015,1
SN,SEN,0.84965,0.7219051225,27.74,769.5076,-0.00702490486134566,0.00147248452444848,0,1,0.1440041383,0.6158045,27.1715,1.8406440125391847e-4,0.1356650367,0.00807091274764389,1944.38078685,46.8333999633789,bcc_csm1_1,0.00309034442105263,0.00879160880828109,-0.486736899928042,0.13609838801385235,0.0014808902866118758,0.1360066014829503,0.1361901745447544,0.003194274106235946,0.002517706781782077,0.0038708414306898144,1
ST,STP,1.8477,3.41399529,26.73,714.4929,-0.00530240963969674,0.003611162502551,0,1,0.189909405,1.50973,26.0625,2.3947543573667743e-5,0.18437093685,0.0240681279799901,2425.0312863636364,29.521299934387205,bcc_csm1_1,4.020666526315795e-4,0.02188011633234272,-0.3141052848414369,0.18395165296927735,0.003725424379807765,0.18372074877397546,0.18418255716457924,-0.002274132180950915,-0.0035265215176159895,-0.0010217428442858413,1
SY,SYR,0.29526,0.0871784676,19.7,388.09,-0.00488667981216806,0.00200355494410486,0,1,0.1416,0.3838185,17.791,0,0.14159,0.0228926846620572,NA,25.744699764251703,bcc_csm1_1,0,NA,-0.733052605076842,0.14352332300002185,8.723543686718789e-4,0.14346925391607854,0.14357739208396517,0.013654375309145126,0.0132725045277106,0.01403624609057965,1
SZ,SWZ,0.76784,0.5895782656,20.59,423.9481,0.01008555885704121,0.00131202083184911,0,1,0.0952344038,0.744792,20.1995,8.838772758620692e-5,0.08463294432,0.00962302951957099,5920.65837595,15.330250024795536,bcc_csm1_1,0.00148398342631578,0.01068605538632956,-0.140105297690942,0.0826709403641316,0.007702110596230943,0.0821935586035493,0.0831483221247139,-0.023182508556597054,-0.02882312243831796,-0.01754189467487615,1
TD,TCD,0.85329,0.7281038241,29.27,856.7329,0.00125696827247856,0.00158277686138519,1,0,0.1312545282,0.748859,28.247,-3.8199173667711605e-5,0.14101688111,0.02817420751161988,1326.57995917,82.96765060424805,bcc_csm1_1,-6.413440210526317e-4,0.02700873196170985,-0.02210516678659539,0.1440192725645486,0.006587078182193329,0.14361100122899448,0.14442754390010273,0.021291007366746422,0.018395812604669274,0.02418620212882357,1
TG,TGO,1.3885,1.92793225,27.38,749.6644,0.001733940351194,0.00159800775592744,0,1,0.1193525012,1.1621665,26.6405,-4.406978714733545e-5,0.13165348038000002,-0.00400385979446578,1242.62994115,37.48565006256103,bcc_csm1_1,-7.399085315789479e-4,-0.00247179899365662,0.07226301494397877,0.1317071904726027,0.004041587937241519,0.13145669025699003,0.1319576906882154,4.0796561129763484e-4,-0.0014947582277504944,0.002310689450345764,2
TH,THA,1.56582,2.4517922724,27.74,769.5076,0.00775062926391134,0.00103052771055622,0,1,0.12549999,1.474814,27.172,2.283018427672956e-4,0.1121399987,0.03607275653630495,11007.9349494,40.57979965209961,bcc_csm1_1,0.00191052594736842,0.01846628578404709,-0.41042107029964714,0.1133846983426916,0.00414557527836859,0.11312775292490151,0.11364164376048169,0.011099515401471199,0.008808223973178283,0.013390806829764115,1
TN,TUN,0.40533,0.1642924089,19.8,392.04,-0.01182595854967605,0.00214345436063823,0,1,0.1648242384,0.404028,19.3185,8.283736865203759e-5,0.14609645732999998,0.03205026130890474,7654.2649102,19.35409994125366,bcc_csm1_1,0.00139079582105263,0.03276794730946741,-0.15742111206054743,0.1496769545086961,0.001940798453987384,0.14955666257425498,0.1497972464431372,0.024507761817992208,0.02368438843413671,0.025331135201847706,1
TR,TUR,0.67181,0.4513286761,14.37,206.4969,-0.00351854711072707,0.00609536807692379,0,1,0.15800001,0.614226,12.4525,2.4858937617554857e-4,0.12312000065,0.02231997856870294,13437.389038,35.103400039672856,bcc_csm1_1,0.00417368478947368,0.02400296871298442,-1.2684736753764896,0.12390386581726645,5.380719134190402e-4,0.12387051577455561,0.12393721585997729,0.006366676113776039,0.006095801824182406,0.006637550403369671,1
TZ,TZA,0.93053,0.8658860809,22.72,516.1984,0.00467809778562666,0.00154173748007147,1,0,0.1512786761,1.0057345,22.524,-5.407708965517242e-5,0.15592505138,0.02030675401911139,1148.734750105,78.99075088500977,bcc_csm1_1,-9.079258736842108e-4,0.02202466237727447,-0.6326840049342105,0.15638705107364378,0.004104376025927763,0.15613265921197564,0.15664144293531193,0.002962960021849518,0.0013314591217909644,0.0045944609219080714,1
UG,UGA,1.16594,1.3594160836,23.34,544.7556,0.00687238904862219,7.44980850778898e-4,1,0,0.131054937,1.2071855,22.4995,-6.788124451410598e-6,0.132933564205,0.03438716841046698,933.25934831,71.37079963684083,bcc_csm1_1,-1.1396903684210424e-4,0.03518455762108242,-0.16984196713096292,0.1322512753695879,0.006891350334980497,0.13182414505061893,0.13267840568855685,-0.005132555043509779,-0.008345666205640905,-0.001919443881378653,1
US,USA,0.89359,0.7985030881,13.69,187.4161,0.00326350303800171,0.00662070054658947,0,1,0.1303,0.9539495,13.6735,-1.1253918495297802e-4,0.146835,0.01438249868078855,44642.4977375,1.990699988603592,bcc_csm1_1,-0.00188947368421052,0.01588102508891749,-0.0716315758855721,0.14604849811751663,0.005208104295066964,0.14572569646897993,0.14637129976605334,-0.00535636518870405,-0.007554762359247231,-0.003157968018160869,1
YE,YEM,0.20071,0.0402845041,23.38,546.6244,7.248605593010993e-4,0.00311033971840379,0,1,0.1382,0.2742625,23.12,0,0.1382,0.01379065553192048,3994.9014958,40.960949993133546,bcc_csm1_1,0,0.0138923972866131,-1.376210564061216,0.13208775165928605,0.0029539547056287086,0.13190466364978076,0.13227083966879133,-0.04422755673454373,-0.04555236143429253,-0.04290275203479494,1
ZA,ZAF,0.54477,0.2967743529,17.82,317.5524,0.00598464708366774,0.00240645642583414,0,1,0.0901,0.660901,17.516,-1.7115987460815046e-4,0.12451,0.00796680859057232,10071.1104319,9.017849922180178,bcc_csm1_1,-0.00287368421052631,0.01000970903684735,-0.32394735436690314,0.12075451389164597,0.00397411724835759,0.1205081955526559,0.12100083223063604,-0.030162124394458457,-0.032140426048864267,-0.02818382274005265,1
ZM,ZMB,1.20406,1.4497604836,21.97,482.6809,0.00184674145435614,0.00231364371399744,1,0,0.081009999,1.00366,21.623,7.974296551724138e-5,0.095314953715,0.004558683745563,2322.36967865,70.86865043640138,bcc_csm1_1,0.00133884242105263,0.00610158134944693,-0.4273685656095791,0.09552280180143888,0.0019854565878895834,0.09539974192718177,0.09564586167569598,0.002180645096470007,8.895583418662573e-4,0.0034717318510737566,1
ZW,ZWE,0.63812,0.4071971344,20.99,440.5801,0.00411027584833023,0.0022857067580384,1,0,0.1271980811,0.6676495,20.5545,1.1899860877742946e-4,0.111888852975,-0.0266979076433927,2136.4427228,63.1452995300293,bcc_csm1_1,0.00199792401052631,-0.02958954505457893,0.4032104893734581,0.11385131968323928,0.002830964264115062,0.11367585470027601,0.11402678466620254,0.01753943003310409,0.01597122213483855,0.019107637931369627,1
"NA","NAM",0.40617,0.1649740689,22.28,496.3984,-0.00363586175488339,0.00317096066618716,0,1,0.0657286777,0.3543965,21.753,2.0276462382445155e-5,0.060608705835,0.01884579298784957,6713.0396988,35.69469995498657,bcc_csm1_1,3.4043113157894764e-4,0.01755886546846372,-0.8723683608205736,0.05847478761645247,0.0010518424509578554,0.05840959374591273,0.058539981486992215,-0.03520811390292452,-0.036283765818628265,-0.03413246198722077,1
