x,y,agri_emp
0,0,10
0.035,-8.7511725e-4,10
0.07,-0.0017252690000000002,10
0.10500000000000001,-0.00255045525,10
0.14,-0.003350676,10
0.17500000000000002,-0.004125931249999999,10
0.21000000000000002,-0.004876221,10
0.24500000000000002,-0.00560154525,10
0.28,-0.006301904,10
0.31500000000000006,-0.006977297250000001,10
0.35000000000000003,-0.007627724999999999,10
0.385,-0.00825318725,10
0.42000000000000004,-0.008853683999999999,10
0.45500000000000007,-0.009429215250000003,10
0.49000000000000005,-0.009979781,10
0.525,-0.010505381250000001,10
0.56,-0.011006016,10
0.5950000000000001,-0.01148168525,10
0.6300000000000001,-0.011932389000000002,10
0.665,-0.012358127249999998,10
0.7000000000000001,-0.012758899999999997,10
0.7350000000000001,-0.013134707250000002,10
0.77,-0.013485549000000001,10
0.805,-0.01381142525,10
0.8400000000000001,-0.014112336,10
0.8750000000000001,-0.01438828125,10
0.9100000000000001,-0.014639261,10
0.9450000000000001,-0.014865275250000002,10
0.9800000000000001,-0.015066324,10
1.0150000000000001,-0.015242407249999998,10
1.05,-0.015393525000000003,10
1.0850000000000002,-0.015519677249999997,10
1.12,-0.015620864000000002,10
1.155,-0.015697085250000003,10
1.1900000000000002,-0.015748341,10
1.225,-0.015774631249999997,10
1.2600000000000002,-0.015775956000000004,10
1.2950000000000002,-0.015752315249999996,10
1.33,-0.015703709,10
1.3650000000000002,-0.015630137250000002,10
1.4000000000000001,-0.015531599999999996,10
1.435,-0.015408097249999999,10
1.4700000000000002,-0.015259629,10
1.5050000000000001,-0.015086195249999997,10
1.54,-0.014887796000000002,10
1.5750000000000002,-0.014664431249999998,10
1.61,-0.014416101,10
1.6450000000000002,-0.014142805249999998,10
1.6800000000000002,-0.013844543999999999,10
1.715,-0.01352131725,10
1.7500000000000002,-0.013173124999999997,10
1.7850000000000001,-0.012799967249999995,10
1.8200000000000003,-0.012401843999999999,10
1.8550000000000002,-0.011978755249999997,10
1.8900000000000001,-0.011530701000000008,10
1.9250000000000003,-0.011057681250000001,10
1.9600000000000002,-0.010559696,10
1.995,-0.01003674525,10
2.0300000000000002,-0.009488828999999999,10
2.0650000000000004,-0.008915947249999999,10
2.1,-0.008318100000000009,10
2.1350000000000002,-0.0076952872499999984,10
2.1700000000000004,-0.007047508999999988,10
2.205,-0.006374765250000001,10
2.24,-0.005677056000000003,10
2.2750000000000004,-0.00495438124999999,10
2.31,-0.00420674100000001,10
2.345,-0.003434135249999991,10
2.3800000000000003,-0.0026365639999999906,10
2.415,-0.0018140272499999922,10
2.45,-9.665249999999959e-4,10
2.4850000000000003,-9.405724999998408e-5,10
2.5200000000000005,8.03375999999998e-4,10
2.555,0.001725774750000006,10
2.5900000000000003,0.0026731390000000153,10
2.6250000000000004,0.003645468750000023,10
2.66,0.004642764000000004,10
2.6950000000000003,0.005665024750000008,10
2.7300000000000004,0.006712251000000002,10
2.765,0.007784442750000016,10
2.8000000000000003,0.008881600000000014,10
2.8350000000000004,0.010003722750000024,10
2.87,0.011150811000000004,10
2.9050000000000002,0.012322864749999995,10
2.9400000000000004,0.01351988400000001,10
2.975,0.014741868750000001,10
3.0100000000000002,0.01598881900000001,10
3.0450000000000004,0.01726073475000002,10
3.08,0.018557615999999996,10
3.115,0.01987946275,10
3.1500000000000004,0.021226275000000017,10
3.1850000000000005,0.02259805275000002,10
3.22,0.023994795999999992,10
3.2550000000000003,0.025416504749999992,10
3.2900000000000005,0.026863179000000015,10
3.325,0.02833481874999999,10
3.3600000000000003,0.029831424000000002,10
3.3950000000000005,0.03135299475000001,10
3.43,0.03289953099999999,10
3.4650000000000003,0.03447103275000002,10
3.5,0.03606749999999998,10
0,0,20
0.035,-6.08027e-4,20
0.07,-0.0011987080000000002,20
0.10500000000000001,-0.0017720429999999998,20
0.14,-0.002328032,20
0.17500000000000002,-0.002866675,20
0.21000000000000002,-0.003387972,20
0.24500000000000002,-0.0038919230000000003,20
0.28,-0.004378528,20
0.31500000000000006,-0.004847787000000001,20
0.35000000000000003,-0.005299699999999998,20
0.385,-0.0057342669999999995,20
0.42000000000000004,-0.006151488,20
0.45500000000000007,-0.006551363000000002,20
0.49000000000000005,-0.006933892,20
0.525,-0.007299075000000001,20
0.56,-0.0076469120000000005,20
0.5950000000000001,-0.007977403000000001,20
0.6300000000000001,-0.008290548000000002,20
0.665,-0.008586347,20
0.7000000000000001,-0.008864799999999997,20
0.7350000000000001,-0.009125907000000003,20
0.77,-0.009369668000000003,20
0.805,-0.009596083000000002,20
0.8400000000000001,-0.009805152000000001,20
0.8750000000000001,-0.009996875000000002,20
0.9100000000000001,-0.010171252000000002,20
0.9450000000000001,-0.010328283,20
0.9800000000000001,-0.010467968000000001,20
1.0150000000000001,-0.010590306999999997,20
1.05,-0.010695300000000005,20
1.0850000000000002,-0.010782946999999998,20
1.12,-0.010853248000000001,20
1.155,-0.010906203000000003,20
1.1900000000000002,-0.010941812,20
1.225,-0.010960075,20
1.2600000000000002,-0.010960992000000004,20
1.2950000000000002,-0.010944562999999997,20
1.33,-0.010910788,20
1.3650000000000002,-0.010859667000000003,20
1.4000000000000001,-0.010791199999999996,20
1.435,-0.010705387,20
1.4700000000000002,-0.010602228000000002,20
1.5050000000000001,-0.010481722999999998,20
1.54,-0.010343872000000002,20
1.5750000000000002,-0.010188675000000001,20
1.61,-0.010016132000000004,20
1.6450000000000002,-0.009826242999999998,20
1.6800000000000002,-0.009619008000000002,20
1.715,-0.009394427,20
1.7500000000000002,-0.009152500000000001,20
1.7850000000000001,-0.008893226999999997,20
1.8200000000000003,-0.008616608000000005,20
1.8550000000000002,-0.008322642999999998,20
1.8900000000000001,-0.00801133200000001,20
1.9250000000000003,-0.007682675000000003,20
1.9600000000000002,-0.007336672000000002,20
1.995,-0.0069733230000000035,20
2.0300000000000002,-0.006592628,20
2.0650000000000004,-0.006194587000000005,20
2.1,-0.005779200000000012,20
2.1350000000000002,-0.005346467000000001,20
2.1700000000000004,-0.004896387999999991,20
2.205,-0.004428963000000001,20
2.24,-0.003944192000000006,20
2.2750000000000004,-0.003442074999999996,20
2.31,-0.002922612000000012,20
2.345,-0.002385802999999992,20
2.3800000000000003,-0.0018316479999999982,20
2.415,-0.0012601469999999962,20
2.45,-6.712999999999997e-4,20
2.4850000000000003,-6.510699999998787e-5,20
2.5200000000000005,5.584319999999907e-4,20
2.555,0.0011993170000000053,20
2.5900000000000003,0.0018575480000000075,20
2.6250000000000004,0.002533125000000018,20
2.66,0.003226048000000002,20
2.6950000000000003,0.003936317000000002,20
2.7300000000000004,0.004663931999999996,20
2.765,0.005408893000000012,20
2.8000000000000003,0.006171200000000009,20
2.8350000000000004,0.006950853000000014,20
2.87,0.0077478519999999995,20
2.9050000000000002,0.008562196999999994,20
2.9400000000000004,0.009393888000000003,20
2.975,0.010242924999999993,20
3.0100000000000002,0.011109307999999998,20
3.0450000000000004,0.011993037000000012,20
3.08,0.012894111999999992,20
3.115,0.013812533000000002,20
3.1500000000000004,0.014748300000000006,20
3.1850000000000005,0.01570141300000001,20
3.22,0.01667187199999999,20
3.2550000000000003,0.017659676999999985,20
3.2900000000000005,0.01866482800000001,20
3.325,0.01968732499999999,20
3.3600000000000003,0.02072716799999999,20
3.3950000000000005,0.02178435699999999,20
3.43,0.022858891999999992,20
3.4650000000000003,0.02395077300000001,20
3.5,0.025059999999999985,20
0,0,30
0.035,-3.409367500000001e-4,30
0.07,-6.721470000000003e-4,30
0.10500000000000001,-9.9363075e-4,30
0.14,-0.0013053880000000002,30
0.17500000000000002,-0.00160741875,30
0.21000000000000002,-0.0018997229999999999,30
0.24500000000000002,-0.00218230075,30
0.28,-0.0024551520000000004,30
0.31500000000000006,-0.002718276750000001,30
0.35000000000000003,-0.002971674999999999,30
0.385,-0.003215346749999999,30
0.42000000000000004,-0.003449292,30
0.45500000000000007,-0.003673510750000001,30
0.49000000000000005,-0.0038880029999999997,30
0.525,-0.00409276875,30
0.56,-0.0042878080000000015,30
0.5950000000000001,-0.00447312075,30
0.6300000000000001,-0.004648707000000001,30
0.665,-0.004814566749999997,30
0.7000000000000001,-0.004970699999999998,30
0.7350000000000001,-0.005117106750000003,30
0.77,-0.005253787000000001,30
0.805,-0.005380740750000001,30
0.8400000000000001,-0.005497968000000001,30
0.8750000000000001,-0.005605468750000004,30
0.9100000000000001,-0.005703243000000001,30
0.9450000000000001,-0.005791290750000001,30
0.9800000000000001,-0.0058696120000000015,30
1.0150000000000001,-0.005938206750000001,30
1.05,-0.005997075000000003,30
1.0850000000000002,-0.006046216749999998,30
1.12,-0.006085632000000004,30
1.155,-0.006115320750000005,30
1.1900000000000002,-0.006135283,30
1.225,-0.006145518750000002,30
1.2600000000000002,-0.006146028000000005,30
1.2950000000000002,-0.006136810749999996,30
1.33,-0.006117866999999996,30
1.3650000000000002,-0.006089196750000005,30
1.4000000000000001,-0.0060507999999999985,30
1.435,-0.006002676750000005,30
1.4700000000000002,-0.005944827000000003,30
1.5050000000000001,-0.00587725075,30
1.54,-0.005799947999999999,30
1.5750000000000002,-0.005712918750000004,30
1.61,-0.005616163000000004,30
1.6450000000000002,-0.0055096807500000025,30
1.6800000000000002,-0.005393472000000003,30
1.715,-0.005267536750000006,30
1.7500000000000002,-0.005131875000000008,30
1.7850000000000001,-0.004986486749999998,30
1.8200000000000003,-0.004831372000000004,30
1.8550000000000002,-0.004666530750000002,30
1.8900000000000001,-0.0044919630000000085,30
1.9250000000000003,-0.004307668750000007,30
1.9600000000000002,-0.0041136480000000045,30
1.995,-0.003909900750000007,30
2.0300000000000002,-0.003696427000000009,30
2.0650000000000004,-0.0034732267500000025,30
2.1,-0.0032403000000000085,30
2.1350000000000002,-0.002997646750000006,30
2.1700000000000004,-0.0027452669999999957,30
2.205,-0.0024831607500000047,30
2.24,-0.0022113280000000124,30
2.2750000000000004,-0.001929768750000005,30
2.31,-0.001638483000000017,30
2.345,-0.00133747075,30
2.3800000000000003,-0.0010267320000000024,30
2.415,-7.062667499999967e-4,30
2.45,-3.7607500000001043e-4,30
2.4850000000000003,-3.615675000000207e-5,30
2.5200000000000005,3.134879999999868e-4,30
2.555,6.728592500000047e-4,30
2.5900000000000003,0.00104195700000001,30
2.6250000000000004,0.0014207812500000166,30
2.66,0.0018093320000000107,30
2.6950000000000003,0.002207609249999992,30
2.7300000000000004,0.002615612999999989,30
2.765,0.0030333432500000007,30
2.8000000000000003,0.0034608,30
2.8350000000000004,0.0038979832500000006,30
2.87,0.004344892999999989,30
2.9050000000000002,0.004801529249999978,30
2.9400000000000004,0.005267891999999996,30
2.975,0.005743981249999974,30
3.0100000000000002,0.006229796999999995,30
3.0450000000000004,0.0067253392500000175,30
3.08,0.0072306079999999995,30
3.115,0.007745603249999997,30
3.1500000000000004,0.008270324999999995,30
3.1850000000000005,0.008804773250000009,30
3.22,0.009348947999999982,30
3.2550000000000003,0.009902849249999984,30
3.2900000000000005,0.010466476999999988,30
3.325,0.011039831249999993,30
3.3600000000000003,0.011622911999999985,30
3.3950000000000005,0.012215719249999979,30
3.43,0.012818252999999974,30
3.4650000000000003,0.01343051324999997,30
3.5,0.014052499999999982,30
0,0,40
0.035,-7.384649999999998e-5,40
0.07,-1.4558600000000007e-4,40
0.10500000000000001,-2.1521850000000002e-4,40
0.14,-2.8274399999999965e-4,40
0.17500000000000002,-3.481624999999994e-4,40
0.21000000000000002,-4.114740000000001e-4,40
0.24500000000000002,-4.726785e-4,40
0.28,-5.317759999999992e-4,40
0.31500000000000006,-5.887665000000005e-4,40
0.35000000000000003,-6.43649999999998e-4,40
0.385,-6.964265000000004e-4,40
0.42000000000000004,-7.470960000000005e-4,40
0.45500000000000007,-7.956585000000026e-4,40
0.49000000000000005,-8.421139999999997e-4,40
0.525,-8.864625000000025e-4,40
0.56,-9.287039999999998e-4,40
0.5950000000000001,-9.68838500000002e-4,40
0.6300000000000001,-0.0010068660000000012,40
0.665,-0.0010427864999999993,40
0.7000000000000001,-0.0010765999999999961,40
0.7350000000000001,-0.001108306500000003,40
0.77,-0.0011379060000000036,40
0.805,-0.001165398500000003,40
0.8400000000000001,-0.001190784000000002,40
0.8750000000000001,-0.0012140625000000033,40
0.9100000000000001,-0.0012352340000000052,40
0.9450000000000001,-0.0012542985000000024,40
0.9800000000000001,-0.0012712560000000019,40
1.0150000000000001,-0.0012861064999999967,40
1.05,-0.0012988500000000076,40
1.0850000000000002,-0.0013094864999999966,40
1.12,-0.0013180160000000017,40
1.155,-0.001324438500000004,40
1.1900000000000002,-0.001328754000000005,40
1.225,-0.0013309625000000012,40
1.2600000000000002,-0.0013310640000000068,40
1.2950000000000002,-0.0013290585000000008,40
1.33,-0.0013249460000000005,40
1.3650000000000002,-0.001318726500000006,40
1.4000000000000001,-0.0013103999999999963,40
1.435,-0.0012999665000000028,40
1.4700000000000002,-0.0012874260000000047,40
1.5050000000000001,-0.001272778500000002,40
1.54,-0.0012560240000000049,40
1.5750000000000002,-0.0012371625000000067,40
1.61,-0.0012161940000000107,40
1.6450000000000002,-0.0011931184999999997,40
1.6800000000000002,-0.0011679360000000083,40
1.715,-0.0011406465000000018,40
1.7500000000000002,-0.001111250000000008,40
1.7850000000000001,-0.0010797464999999992,40
1.8200000000000003,-0.001046136000000017,40
1.8550000000000002,-0.0010104184999999988,40
1.8900000000000001,-9.725940000000141e-4,40
1.9250000000000003,-9.326625000000074e-4,40
1.9600000000000002,-8.906240000000065e-4,40
1.995,-8.464785000000113e-4,40
2.0300000000000002,-8.002260000000011e-4,40
2.0650000000000004,-7.518665000000174e-4,40
2.1,-7.014000000000187e-4,40
2.1350000000000002,-6.488265000000049e-4,40
2.1700000000000004,-5.941459999999968e-4,40
2.205,-5.373585000000014e-4,40
2.24,-4.7846400000001177e-4,40
2.2750000000000004,-4.1746250000000706e-4,40
2.31,-3.5435400000001505e-4,40
2.345,-2.891384999999941e-4,40
2.3800000000000003,-2.2181600000001356e-4,40
2.415,-1.523865000000041e-4,40
2.45,-8.08500000000073e-5,40
2.4850000000000003,-7.206499999995453e-6,40
2.5200000000000005,6.854399999997596e-5,40
2.555,1.4640150000000407e-4,40
2.5900000000000003,2.2636599999999174e-4,40
2.6250000000000004,3.0843750000000836e-4,40
2.66,3.926159999999984e-4,40
2.6950000000000003,4.7890149999998965e-4,40
2.7300000000000004,5.672939999999821e-4,40
2.765,6.577935000000035e-4,40
2.8000000000000003,7.503999999999983e-4,40
2.8350000000000004,8.451134999999943e-4,40
2.87,9.419339999999915e-4,40
2.9050000000000002,0.00104086149999999,40
2.9400000000000004,0.0011418959999999895,40
2.975,0.0012450374999999764,40
3.0100000000000002,0.0013502859999999922,40
3.0450000000000004,0.0014576415000000092,40
3.08,0.0015671039999999858,40
3.115,0.0016786734999999775,40
3.1500000000000004,0.0017923499999999981,40
3.1850000000000005,0.0019081334999999922,40
3.22,0.0020260239999999596,40
3.2550000000000003,0.002146021499999956,40
3.2900000000000005,0.0022681259999999814,40
3.325,0.0023923374999999802,40
3.3600000000000003,0.0025186559999999802,40
3.3950000000000005,0.0026470814999999814,40
3.43,0.002777613999999984,40
3.4650000000000003,0.0029102534999999874,40
3.5,0.003044999999999992,40
0,0,50
0.035,1.9324374999999994e-4,50
0.07,3.8097499999999976e-4,50
0.10500000000000001,5.631937500000004e-4,50
0.14,7.399e-4,50
0.17500000000000002,9.110937500000004e-4,50
0.21000000000000002,0.0010767750000000007,50
0.24500000000000002,0.0012369437500000002,50
0.28,0.0013916000000000002,50
0.31500000000000006,0.0015407437499999996,50
0.35000000000000003,0.0016843750000000016,50
0.385,0.0018224937500000002,50
0.42000000000000004,0.0019551000000000013,50
0.45500000000000007,0.0020821937499999965,50
0.49000000000000005,0.0022037750000000007,50
0.525,0.002319843749999999,50
0.56,0.0024303999999999992,50
0.5950000000000001,0.0025354437500000005,50
0.6300000000000001,0.0026349749999999986,50
0.665,0.002728993750000002,50
0.7000000000000001,0.002817500000000003,50
0.7350000000000001,0.00290049375,50
0.77,0.0029779749999999973,50
0.805,0.003049943749999999,50
0.8400000000000001,0.003116400000000002,50
0.8750000000000001,0.0031773437499999987,50
0.9100000000000001,0.0032327749999999933,50
0.9450000000000001,0.003282693749999996,50
0.9800000000000001,0.0033270999999999995,50
1.0150000000000001,0.0033659937500000008,50
1.05,0.003399374999999996,50
1.0850000000000002,0.0034272437499999996,50
1.12,0.003449599999999997,50
1.155,0.003466443749999999,50
1.1900000000000002,0.003477774999999999,50
1.225,0.0034835937499999997,50
1.2600000000000002,0.003483899999999991,50
1.2950000000000002,0.0034786937499999976,50
1.33,0.0034679750000000016,50
1.3650000000000002,0.003451743749999993,50
1.4000000000000001,0.003429999999999999,50
1.435,0.0034027437499999924,50
1.4700000000000002,0.0033699749999999973,50
1.5050000000000001,0.0033316937499999963,50
1.54,0.0032878999999999964,50
1.5750000000000002,0.0032385937499999906,50
1.61,0.003183774999999993,50
1.6450000000000002,0.003123443749999996,50
1.6800000000000002,0.0030576000000000006,50
1.715,0.002986243749999992,50
1.7500000000000002,0.002909374999999992,50
1.7850000000000001,0.0028269937499999995,50
1.8200000000000003,0.0027390999999999804,50
1.8550000000000002,0.002645693749999997,50
1.8900000000000001,0.0025467749999999803,50
1.9250000000000003,0.0024423437499999923,50
1.9600000000000002,0.0023323999999999984,50
1.995,0.0022169437499999986,50
2.0300000000000002,0.002095974999999986,50
2.0650000000000004,0.0019694937499999676,50
2.1,0.001837499999999992,50
2.1350000000000002,0.0016999937499999895,50
2.1700000000000004,0.0015569749999999882,50
2.205,0.001408443749999988,50
2.24,0.0012543999999999889,50
2.2750000000000004,0.0010948437499999908,50
2.31,9.297749999999938e-4,50
2.345,7.591937499999979e-4,50
2.3800000000000003,5.830999999999892e-4,50
2.415,4.0149374999999543e-4,50
2.45,2.1437499999998888e-4,50
2.4850000000000003,2.1743749999997286e-5,50
2.5200000000000005,-1.7640000000003486e-4,50
2.555,-3.8005624999998266e-4,50
2.5900000000000003,-5.892250000000127e-4,50
2.6250000000000004,-8.039062499999999e-4,50
2.66,-0.0010241,50
2.6950000000000003,-0.0012498062500000129,50
2.7300000000000004,-0.0014810250000000247,50
2.765,-0.0017177562500000076,50
2.8000000000000003,-0.0019600000000000034,50
2.8350000000000004,-0.002207756250000026,50
2.87,-0.0024610250000000056,50
2.9050000000000002,-0.002719806250000012,50
2.9400000000000004,-0.0029840999999999895,50
2.975,-0.0032539062500000215,50
3.0100000000000002,-0.0035292250000000247,50
3.0450000000000004,-0.003810056249999999,50
3.08,-0.0040964,50
3.115,-0.004388256250000028,50
3.1500000000000004,-0.004685625000000027,50
3.1850000000000005,-0.004988506250000024,50
3.22,-0.005296900000000049,50
3.2550000000000003,-0.005610806250000044,50
3.2900000000000005,-0.005930225000000039,50
3.325,-0.006255156250000005,50
3.3600000000000003,-0.006585600000000025,50
3.3950000000000005,-0.006921556250000044,50
3.43,-0.007263025000000034,50
3.4650000000000003,-0.007610006250000023,50
3.5,-0.007962500000000011,50
0,0,60
0.035,4.6033399999999985e-4,60
0.07,9.075359999999996e-4,60
0.10500000000000001,0.001341606,60
0.14,0.0017625439999999996,60
0.17500000000000002,0.00217035,60
0.21000000000000002,0.002565024,60
0.24500000000000002,0.0029465660000000003,60
0.28,0.0033149759999999994,60
0.31500000000000006,0.003670254,60
0.35000000000000003,0.004012400000000001,60
0.385,0.004341414000000001,60
0.42000000000000004,0.004657295999999999,60
0.45500000000000007,0.004960045999999999,60
0.49000000000000005,0.005249664,60
0.525,0.00552615,60
0.56,0.005789503999999997,60
0.5950000000000001,0.006039726,60
0.6300000000000001,0.006276815999999999,60
0.665,0.006500774000000004,60
0.7000000000000001,0.006711600000000002,60
0.7350000000000001,0.006909293999999996,60
0.77,0.007093855999999999,60
0.805,0.0072652859999999975,60
0.8400000000000001,0.007423583999999997,60
0.8750000000000001,0.007568749999999992,60
0.9100000000000001,0.007700783999999997,60
0.9450000000000001,0.007819686,60
0.9800000000000001,0.007925455999999997,60
1.0150000000000001,0.008018093999999996,60
1.05,0.008097599999999996,60
1.0850000000000002,0.008163974000000001,60
1.12,0.008217215999999992,60
1.155,0.008257325999999992,60
1.1900000000000002,0.008284303999999996,60
1.225,0.00829814999999999,60
1.2600000000000002,0.008298863999999996,60
1.2950000000000002,0.008286446000000003,60
1.33,0.008260896000000004,60
1.3650000000000002,0.008222213999999992,60
1.4000000000000001,0.008170399999999994,60
1.435,0.008105453999999991,60
1.4700000000000002,0.008027375999999989,60
1.5050000000000001,0.007936165999999995,60
1.54,0.007831824000000001,60
1.5750000000000002,0.007714349999999988,60
1.61,0.0075837439999999895,60
1.6450000000000002,0.007440005999999992,60
1.6800000000000002,0.007283135999999989,60
1.715,0.007113133999999986,60
1.7500000000000002,0.006929999999999978,60
1.7850000000000001,0.006733733999999991,60
1.8200000000000003,0.006524335999999985,60
1.8550000000000002,0.006301805999999993,60
1.8900000000000001,0.0060661439999999955,60
1.9250000000000003,0.005817349999999985,60
1.9600000000000002,0.005555423999999989,60
1.995,0.005280365999999981,60
2.0300000000000002,0.004992175999999987,60
2.0650000000000004,0.004690853999999994,60
2.1,0.004376399999999989,60
2.1350000000000002,0.004048813999999984,60
2.1700000000000004,0.003708095999999994,60
2.205,0.0033542459999999913,60
2.24,0.0029872639999999756,60
2.2750000000000004,0.0026071499999999748,60
2.31,0.002213903999999975,60
2.345,0.0018075259999999899,60
2.3800000000000003,0.001388015999999978,60
2.415,9.55373999999995e-4,60
2.45,5.095999999999712e-4,60
2.4850000000000003,5.069399999997615e-5,60
2.5200000000000005,-4.213440000000318e-4,60
2.555,-9.065139999999972e-4,60
2.5900000000000003,-0.0014048160000000032,60
2.6250000000000004,-0.0019162499999999805,60
2.66,-0.0024408159999999846,60
2.6950000000000003,-0.002978514000000043,60
2.7300000000000004,-0.0035293440000000453,60
2.765,-0.004093306000000019,60
2.8000000000000003,-0.004670400000000019,60
2.8350000000000004,-0.005260626000000018,60
2.87,-0.0058639840000000165,60
2.9050000000000002,-0.006480474000000042,60
2.9400000000000004,-0.00711009600000001,60
2.975,-0.007752850000000061,60
3.0100000000000002,-0.008408736000000028,60
3.0450000000000004,-0.009077753999999993,60
3.08,-0.009759903999999986,60
3.115,-0.010455186000000033,60
3.1500000000000004,-0.011163600000000051,60
3.1850000000000005,-0.011885146000000013,60
3.22,-0.01261982400000003,60
3.2550000000000003,-0.013367634000000017,60
3.2900000000000005,-0.01412857600000006,60
3.325,-0.014902650000000017,60
3.3600000000000003,-0.015689856000000058,60
3.3950000000000005,-0.01649019400000007,60
3.43,-0.017303664000000052,60
3.4650000000000003,-0.01813026600000006,60
3.5,-0.01897000000000007,60
0,0,70
0.035,7.2742425e-4,70
0.07,0.0014340969999999998,70
0.10500000000000001,0.0021200182500000003,70
0.14,0.002785188,70
0.17500000000000002,0.00342960625,70
0.21000000000000002,0.0040532730000000005,70
0.24500000000000002,0.00465618825,70
0.28,0.005238352,70
0.31500000000000006,0.005799764250000002,70
0.35000000000000003,0.006340425,70
0.385,0.006860334249999997,70
0.42000000000000004,0.0073594920000000005,70
0.45500000000000007,0.007837898249999998,70
0.49000000000000005,0.008295553,70
0.525,0.008732456249999998,70
0.56,0.009148607999999997,70
0.5950000000000001,0.009544008249999996,70
0.6300000000000001,0.009918657000000003,70
0.665,0.010272554250000005,70
0.7000000000000001,0.010605700000000001,70
0.7350000000000001,0.01091809425,70
0.77,0.011209736999999992,70
0.805,0.011480628249999996,70
0.8400000000000001,0.011730767999999999,70
0.8750000000000001,0.011960156249999992,70
0.9100000000000001,0.012168792999999994,70
0.9450000000000001,0.01235667825,70
0.9800000000000001,0.012523811999999995,70
1.0150000000000001,0.012670194250000003,70
1.05,0.01279582499999999,70
1.0850000000000002,0.012900704249999999,70
1.12,0.012984831999999995,70
1.155,0.013048208250000002,70
1.1900000000000002,0.01309083299999999,70
1.225,0.013112706249999995,70
1.2600000000000002,0.013113828000000001,70
1.2950000000000002,0.013094198250000001,70
1.33,0.013053817000000002,70
1.3650000000000002,0.012992684249999997,70
1.4000000000000001,0.012910799999999993,70
1.435,0.012808164249999997,70
1.4700000000000002,0.012684776999999994,70
1.5050000000000001,0.012540638249999993,70
1.54,0.012375747999999985,70
1.5750000000000002,0.012190106249999971,70
1.61,0.011983712999999993,70
1.6450000000000002,0.011756568250000002,70
1.6800000000000002,0.011508671999999998,70
1.715,0.011240024249999994,70
1.7500000000000002,0.010950624999999978,70
1.7850000000000001,0.01064047424999999,70
1.8200000000000003,0.010309571999999975,70
1.8550000000000002,0.009957918249999989,70
1.8900000000000001,0.009585512999999976,70
1.9250000000000003,0.009192356249999978,70
1.9600000000000002,0.008778447999999994,70
1.995,0.008343788249999984,70
2.0300000000000002,0.007888377000000002,70
2.0650000000000004,0.007412214249999993,70
2.1,0.006915299999999985,70
2.1350000000000002,0.006397634249999978,70
2.1700000000000004,0.005859216999999986,70
2.205,0.005300048249999995,70
2.24,0.004720127999999976,70
2.2750000000000004,0.0041194562499999865,70
2.31,0.0034980329999999976,70
2.345,0.002855858249999982,70
2.3800000000000003,0.002192931999999981,70
2.415,0.0015092542499999806,70
2.45,8.048249999999535e-4,70
2.4850000000000003,7.964424999998276e-5,70
2.5200000000000005,-6.662880000000426e-4,70
2.555,-0.0014329717500000116,70
2.5900000000000003,-0.0022204070000000076,70
2.6250000000000004,-0.0030285937500000026,70
2.66,-0.003857531999999997,70
2.6950000000000003,-0.004707221750000018,70
2.7300000000000004,-0.0055776630000000105,70
2.765,-0.006468855750000002,70
2.8000000000000003,-0.007380800000000021,70
2.8350000000000004,-0.008313495750000038,70
2.87,-0.009266943,70
2.9050000000000002,-0.010241141750000016,70
2.9400000000000004,-0.01123609200000003,70
2.975,-0.012251793750000045,70
3.0100000000000002,-0.01328824700000003,70
3.0450000000000004,-0.014345451750000016,70
3.08,-0.015423408000000055,70
3.115,-0.01652211575000001,70
3.1500000000000004,-0.017641575000000076,70
3.1850000000000005,-0.01878178575000003,70
3.22,-0.019942748000000066,70
3.2550000000000003,-0.021124461750000045,70
3.2900000000000005,-0.022326927000000052,70
3.325,-0.02355014375000003,70
3.3600000000000003,-0.024794112000000035,70
3.3950000000000005,-0.026058831750000067,70
3.43,-0.027344303000000042,70
3.4650000000000003,-0.028650525750000072,70
3.5,-0.029977500000000046,70
0,0,80
0.035,9.945145000000001e-4,80
0.07,0.001960658,80
0.10500000000000001,0.0028984304999999998,80
0.14,0.0038078320000000006,80
0.17500000000000002,0.004688862500000002,80
0.21000000000000002,0.005541521999999999,80
0.24500000000000002,0.0063658105,80
0.28,0.007161728000000001,80
0.31500000000000006,0.0079292745,80
0.35000000000000003,0.008668450000000003,80
0.385,0.009379254499999998,80
0.42000000000000004,0.010061688,80
0.45500000000000007,0.010715750499999996,80
0.49000000000000005,0.011341442,80
0.525,0.011938762499999995,80
0.56,0.012507711999999999,80
0.5950000000000001,0.013048290499999995,80
0.6300000000000001,0.013560497999999999,80
0.665,0.0140443345,80
0.7000000000000001,0.014499800000000005,80
0.7350000000000001,0.014926894499999996,80
0.77,0.015325617999999994,80
0.805,0.015695970499999993,80
0.8400000000000001,0.016037951999999998,80
0.8750000000000001,0.016351562499999996,80
0.9100000000000001,0.016636801999999992,80
0.9450000000000001,0.016893670499999996,80
0.9800000000000001,0.017122167999999993,80
1.0150000000000001,0.017322294500000005,80
1.05,0.017494049999999983,80
1.0850000000000002,0.017637434500000004,80
1.12,0.017752447999999997,80
1.155,0.017839090499999995,80
1.1900000000000002,0.017897361999999986,80
1.225,0.0179272625,80
1.2600000000000002,0.017928791999999992,80
1.2950000000000002,0.017901950499999993,80
1.33,0.017846737999999994,80
1.3650000000000002,0.01776315449999999,80
1.4000000000000001,0.0176512,80
1.435,0.017510874499999995,80
1.4700000000000002,0.017342177999999986,80
1.5050000000000001,0.01714511049999999,80
1.54,0.01691967199999999,80
1.5750000000000002,0.01666586249999999,80
1.61,0.01638368199999997,80
1.6450000000000002,0.016073130500000005,80
1.6800000000000002,0.015734207999999986,80
1.715,0.015366914499999995,80
1.7500000000000002,0.014971249999999978,80
1.7850000000000001,0.014547214500000002,80
1.8200000000000003,0.014094807999999959,80
1.8550000000000002,0.013614030499999999,80
1.8900000000000001,0.01310488199999997,80
1.9250000000000003,0.012567362499999984,80
1.9600000000000002,0.012001471999999985,80
1.995,0.011407210499999973,80
2.0300000000000002,0.010784578000000003,80
2.0650000000000004,0.01013357449999995,80
2.1,0.009454199999999968,80
2.1350000000000002,0.008746454499999987,80
2.1700000000000004,0.008010337999999992,80
2.205,0.007245850499999984,80
2.24,0.006452991999999963,80
2.2750000000000004,0.0056317624999999705,80
2.31,0.004782161999999979,80
2.345,0.0039041905000000154,80
2.3800000000000003,0.002997847999999942,80
2.415,0.00206313449999998,80
2.45,0.0011000499999999636,80
2.4850000000000003,1.0859450000000326e-4,80
2.5200000000000005,-9.112320000000673e-4,80
2.555,-0.0019594294999999984,80
2.5900000000000003,-0.0030359980000000397,80
2.6250000000000004,-0.004140937500000025,80
2.66,-0.005274248000000009,80
2.6950000000000003,-0.006435929500000048,80
2.7300000000000004,-0.007625982000000031,80
2.765,-0.008844405500000013,80
2.8000000000000003,-0.010091200000000022,80
2.8350000000000004,-0.011366365500000059,80
2.87,-0.01266990200000001,80
2.9050000000000002,-0.014001809500000018,80
2.9400000000000004,-0.015362088000000051,80
2.975,-0.016750737500000057,80
3.0100000000000002,-0.018167758000000034,80
3.0450000000000004,-0.01961314950000001,80
3.08,-0.02108691200000004,80
3.115,-0.02258904550000007,80
3.1500000000000004,-0.024119550000000045,80
3.1850000000000005,-0.025678425500000046,80
3.22,-0.027265672000000074,80
3.2550000000000003,-0.028881289500000074,80
3.2900000000000005,-0.030525278000000045,80
3.325,-0.03219763750000004,80
3.3600000000000003,-0.03389836800000007,80
3.3950000000000005,-0.035627469500000064,80
3.43,-0.03738494200000003,80
3.4650000000000003,-0.03917078550000008,80
3.5,-0.04098500000000005,80
0,0,90
0.035,0.0012616047499999998,90
0.07,0.0024872189999999997,90
0.10500000000000001,0.00367684275,90
0.14,0.004830475999999999,90
0.17500000000000002,0.005948118750000001,90
0.21000000000000002,0.007029771000000001,90
0.24500000000000002,0.00807543275,90
0.28,0.009085103999999998,90
0.31500000000000006,0.010058784750000003,90
0.35000000000000003,0.010996475000000002,90
0.385,0.011898174749999999,90
0.42000000000000004,0.012763883999999998,90
0.45500000000000007,0.01359360275,90
0.49000000000000005,0.014387331,90
0.525,0.01514506875,90
0.56,0.015866815999999992,90
0.5950000000000001,0.01655257275,90
0.6300000000000001,0.017202339000000004,90
0.665,0.01781611475,90
0.7000000000000001,0.018393900000000008,90
0.7350000000000001,0.018935694749999996,90
0.77,0.019441498999999994,90
0.805,0.019911312749999993,90
0.8400000000000001,0.020345135999999993,90
0.8750000000000001,0.020742968749999997,90
0.9100000000000001,0.021104810999999998,90
0.9450000000000001,0.02143066275,90
0.9800000000000001,0.021720523999999995,90
1.0150000000000001,0.021974394749999994,90
1.05,0.022192274999999994,90
1.0850000000000002,0.02237416475,90
1.12,0.022520063999999985,90
1.155,0.02262997274999999,90
1.1900000000000002,0.022703890999999997,90
1.225,0.022741818749999997,90
1.2600000000000002,0.022743755999999997,90
1.2950000000000002,0.022709702749999984,90
1.33,0.022639658999999993,90
1.3650000000000002,0.02253362474999998,90
1.4000000000000001,0.022391599999999998,90
1.435,0.022213584749999987,90
1.4700000000000002,0.021999578999999984,90
1.5050000000000001,0.021749582749999982,90
1.54,0.021463595999999988,90
1.5750000000000002,0.02114161874999998,90
1.61,0.020783650999999986,90
1.6450000000000002,0.020389692749999994,90
1.6800000000000002,0.019959743999999974,90
1.715,0.019493804749999982,90
1.7500000000000002,0.018991874999999978,90
1.7850000000000001,0.018453954749999987,90
1.8200000000000003,0.01788004399999997,90
1.8550000000000002,0.017270142749999995,90
1.8900000000000001,0.016624250999999993,90
1.9250000000000003,0.015942368749999977,90
1.9600000000000002,0.01522449599999999,90
1.995,0.01447063274999999,90
2.0300000000000002,0.013680778999999976,90
2.0650000000000004,0.01285493474999995,90
2.1,0.011993099999999993,90
2.1350000000000002,0.011095274749999967,90
2.1700000000000004,0.010161458999999984,90
2.205,0.009191652749999973,90
2.24,0.008185855999999964,90
2.2750000000000004,0.007144068749999982,90
2.31,0.006066290999999974,90
2.345,0.004952522749999966,90
2.3800000000000003,0.0038027639999999585,90
2.415,0.0026170147499999796,90
2.45,0.0013952749999999459,90
2.4850000000000003,1.3754474999996824e-4,90
2.5200000000000005,-0.0011561760000000365,90
2.555,-0.002485887249999985,90
2.5900000000000003,-0.003851589000000044,90
2.6250000000000004,-0.005253281250000047,90
2.66,-0.0066909640000000214,90
2.6950000000000003,-0.00816463725000005,90
2.7300000000000004,-0.009674301000000052,90
2.765,-0.011219955250000024,90
2.8000000000000003,-0.012801600000000024,90
2.8350000000000004,-0.014419235250000023,90
2.87,-0.01607286100000005,90
2.9050000000000002,-0.017762477250000047,90
2.9400000000000004,-0.019488084000000044,90
2.975,-0.02124968125000007,90
3.0100000000000002,-0.023047269000000065,90
3.0450000000000004,-0.024880847250000032,90
3.08,-0.026750416000000055,90
3.115,-0.02865597525000002,90
3.1500000000000004,-0.03059752500000007,90
3.1850000000000005,-0.032575065250000035,90
3.22,-0.03458859600000008,90
3.2550000000000003,-0.0366381172500001,90
3.2900000000000005,-0.03872362900000009,90
3.325,-0.04084513125,90
3.3600000000000003,-0.0430026240000001,90
3.3950000000000005,-0.04519610725000006,90
3.43,-0.04742558100000005,90
3.4650000000000003,-0.049691045250000065,90
3.5,-0.05199250000000005,90
